Customer ID,Age,Gender,Item Purchased,Category,Purchase Amount (USD),Location,Size,Color,Season,Review Rating,Subscription Status,Payment Method,Shipping Type,Discount Applied,Promo Code Used,Previous Purchases,Preferred Payment Method,Frequency of Purchases,Date
1,55,Male,Blouse,Clothing,53,Kentucky,L,Gray,Winter,3.1,Yes,Credit Card,Express,Yes,Yes,14,Venmo,Fortnightly,5/8/2025
2,19,Male,Sweater,Clothing,64,Maine,L,Maroon,Winter,3.1,Yes,Bank Transfer,Express,Yes,Yes,2,Cash,Fortnightly,5/9/2025
3,50,Male,Jeans,Clothing,73,Massachusetts,S,Maroon,Spring,3.1,Yes,Cash,Free Shipping,Yes,Yes,23,Credit Card,Weekly,5/10/2025
4,21,Male,Sandals,Footwear,90,Rhode Island,M,Maroon,Spring,3.5,Yes,PayPal,Next Day Air,Yes,Yes,49,PayPal,Weekly,5/11/2025
5,45,Male,Blouse,Clothing,49,Oregon,M,Turquoise,Spring,2.7,Yes,Cash,Free Shipping,Yes,Yes,31,PayPal,Annually,5/12/2025
6,46,Male,Sneakers,Footwear,20,Wyoming,M,White,Summer,2.9,Yes,Venmo,Standard,Yes,Yes,14,Venmo,Weekly,5/13/2025
7,63,Male,Shirt,Clothing,85,Montana,M,Gray,Fall,3.2,Yes,Debit Card,Free Shipping,Yes,Yes,49,Cash,Quarterly,5/14/2025
8,27,Male,Shorts,Clothing,34,Louisiana,L,Charcoal,Winter,3.2,Yes,Debit Card,Free Shipping,Yes,Yes,19,Credit Card,Weekly,5/15/2025
9,26,Male,Coat,Outerwear,97,West Virginia,L,Silver,Summer,2.6,Yes,Venmo,Express,Yes,Yes,8,Venmo,Annually,5/16/2025
10,57,Male,Handbag,Accessories,31,Missouri,M,Pink,Spring,4.8,Yes,PayPal,2-Day Shipping,Yes,Yes,4,Cash,Quarterly,5/17/2025
11,53,Male,Shoes,Footwear,34,Arkansas,L,Purple,Fall,4.1,Yes,Credit Card,Store Pickup,Yes,Yes,26,Bank Transfer,Bi-Weekly,5/18/2025
12,30,Male,Shorts,Clothing,68,Hawaii,S,Olive,Winter,4.9,Yes,PayPal,Store Pickup,Yes,Yes,10,Bank Transfer,Fortnightly,5/19/2025
13,61,Male,Coat,Outerwear,72,Delaware,M,Gold,Winter,4.5,Yes,PayPal,Express,Yes,Yes,37,Venmo,Fortnightly,5/20/2025
14,65,Male,Dress,Clothing,51,New Hampshire,M,Violet,Spring,4.7,Yes,Debit Card,Express,Yes,Yes,31,PayPal,Weekly,5/21/2025
15,64,Male,Coat,Outerwear,53,New York,L,Teal,Winter,4.7,Yes,PayPal,Free Shipping,Yes,Yes,34,Debit Card,Weekly,5/22/2025
16,64,Male,Skirt,Clothing,81,Rhode Island,M,Teal,Winter,2.8,Yes,Credit Card,Store Pickup,Yes,Yes,8,PayPal,Monthly,5/23/2025
17,25,Male,Sunglasses,Accessories,36,Alabama,S,Gray,Spring,4.1,Yes,Venmo,Next Day Air,Yes,Yes,44,Debit Card,Bi-Weekly,5/24/2025
18,53,Male,Dress,Clothing,38,Mississippi,XL,Lavender,Winter,4.7,Yes,Debit Card,2-Day Shipping,Yes,Yes,36,Venmo,Quarterly,5/25/2025
19,52,Male,Sweater,Clothing,48,Montana,S,Black,Summer,4.6,Yes,Bank Transfer,Free Shipping,Yes,Yes,17,Cash,Weekly,5/26/2025
20,66,Male,Pants,Clothing,90,Rhode Island,M,Green,Summer,3.3,Yes,Venmo,Standard,Yes,Yes,46,Debit Card,Bi-Weekly,5/27/2025
21,21,Male,Pants,Clothing,51,Louisiana,M,Black,Winter,2.8,Yes,Credit Card,Express,Yes,Yes,50,Cash,Every 3 Months,5/28/2025
22,31,Male,Pants,Clothing,62,North Carolina,M,Charcoal,Winter,4.1,Yes,Credit Card,Store Pickup,Yes,Yes,22,Debit Card,Quarterly,5/29/2025
23,56,Male,Pants,Clothing,37,California,M,Peach,Summer,3.2,Yes,Cash,Store Pickup,Yes,Yes,32,Debit Card,Annually,5/30/2025
24,31,Male,Pants,Clothing,88,Oklahoma,XL,White,Winter,4.4,Yes,Credit Card,Express,Yes,Yes,40,Credit Card,Weekly,5/31/2025
25,18,Male,Jacket,Outerwear,22,Florida,M,Green,Fall,2.9,Yes,Cash,Store Pickup,Yes,Yes,16,Debit Card,Weekly,6/1/2025
26,18,Male,Hoodie,Clothing,25,Texas,M,Silver,Summer,3.6,Yes,Bank Transfer,Express,Yes,Yes,14,PayPal,Annually,6/2/2025
27,38,Male,Jewelry,Accessories,20,Nevada,M,Red,Spring,3.6,Yes,Cash,Next Day Air,Yes,Yes,13,Credit Card,Annually,6/3/2025
28,56,Male,Shorts,Clothing,56,Kentucky,L,Cyan,Summer,5,Yes,Debit Card,Next Day Air,Yes,Yes,7,Bank Transfer,Every 3 Months,6/4/2025
29,54,Male,Handbag,Accessories,94,North Carolina,M,Gray,Fall,4.4,Yes,Debit Card,Free Shipping,Yes,Yes,41,PayPal,Every 3 Months,6/5/2025
30,31,Male,Dress,Clothing,48,Wyoming,S,Black,Fall,4.1,Yes,Venmo,Store Pickup,Yes,Yes,14,Credit Card,Weekly,6/6/2025
31,57,Male,Jewelry,Accessories,31,North Carolina,L,Black,Winter,4.7,Yes,Bank Transfer,Standard,Yes,Yes,16,Credit Card,Monthly,6/7/2025
32,33,Male,Dress,Clothing,79,West Virginia,L,Brown,Winter,4.7,Yes,Venmo,Store Pickup,Yes,Yes,45,Venmo,Monthly,6/8/2025
33,36,Male,Jacket,Outerwear,67,Kansas,M,Silver,Summer,4.9,Yes,Bank Transfer,Free Shipping,Yes,Yes,37,Venmo,Annually,6/9/2025
34,54,Male,Pants,Clothing,38,Colorado,L,Green,Summer,3.3,Yes,Venmo,Store Pickup,Yes,Yes,45,Cash,Quarterly,6/10/2025
35,36,Male,T-shirt,Clothing,91,North Dakota,L,Violet,Spring,4.6,Yes,Debit Card,2-Day Shipping,Yes,Yes,38,PayPal,Quarterly,6/11/2025
36,54,Male,Blouse,Clothing,33,Massachusetts,M,Cyan,Summer,4,Yes,Bank Transfer,2-Day Shipping,Yes,Yes,48,Credit Card,Bi-Weekly,6/12/2025
37,35,Male,T-shirt,Clothing,69,Illinois,M,Maroon,Winter,4.6,Yes,Cash,Free Shipping,Yes,Yes,44,PayPal,Fortnightly,6/13/2025
38,35,Male,Jeans,Clothing,45,Indiana,S,Cyan,Summer,2.8,Yes,Debit Card,Store Pickup,Yes,Yes,10,PayPal,Weekly,6/14/2025
39,29,Male,Dress,Clothing,37,Florida,M,Red,Winter,3.7,Yes,Debit Card,2-Day Shipping,Yes,Yes,44,Venmo,Every 3 Months,6/15/2025
40,70,Male,Pants,Clothing,60,Arizona,S,Turquoise,Summer,4.2,Yes,Bank Transfer,Express,Yes,Yes,18,Credit Card,Monthly,6/16/2025
41,69,Male,Handbag,Accessories,76,Louisiana,L,Beige,Winter,4.6,Yes,PayPal,Next Day Air,Yes,Yes,31,Debit Card,Quarterly,6/17/2025
42,67,Male,Scarf,Accessories,39,Alaska,M,Orange,Spring,4.5,Yes,Cash,Standard,Yes,Yes,40,Venmo,Annually,6/18/2025
43,20,Male,Coat,Outerwear,100,Tennessee,M,Beige,Spring,4.1,Yes,Bank Transfer,Free Shipping,Yes,Yes,15,PayPal,Annually,6/19/2025
44,25,Male,Scarf,Accessories,69,Ohio,L,Lavender,Fall,3.7,Yes,PayPal,Store Pickup,Yes,Yes,19,PayPal,Fortnightly,6/20/2025
45,39,Male,Hat,Accessories,53,Kentucky,S,Silver,Summer,4.6,Yes,Bank Transfer,Free Shipping,Yes,Yes,45,PayPal,Weekly,6/21/2025
46,50,Male,Socks,Clothing,21,Tennessee,XL,Indigo,Fall,2.9,Yes,Venmo,2-Day Shipping,Yes,Yes,25,PayPal,Annually,6/22/2025
47,57,Male,Shirt,Clothing,43,California,L,White,Summer,2.9,Yes,Venmo,Store Pickup,Yes,Yes,45,Cash,Quarterly,6/23/2025
48,55,Male,Jewelry,Accessories,54,Montana,M,Charcoal,Winter,4.5,Yes,Debit Card,Free Shipping,Yes,Yes,36,Cash,Weekly,6/24/2025
49,42,Male,Shirt,Clothing,55,Nevada,M,Orange,Summer,2.7,Yes,Debit Card,Store Pickup,Yes,Yes,38,Cash,Monthly,6/25/2025
50,68,Male,Hoodie,Clothing,30,New Jersey,S,Indigo,Spring,4.6,Yes,Bank Transfer,Next Day Air,Yes,Yes,34,Debit Card,Bi-Weekly,6/26/2025
51,49,Male,Blouse,Clothing,28,Maryland,M,Red,Spring,3.7,Yes,Cash,Store Pickup,Yes,Yes,39,Debit Card,Bi-Weekly,6/27/2025
52,59,Male,Skirt,Clothing,59,Vermont,XL,Gray,Winter,4.7,Yes,PayPal,2-Day Shipping,Yes,Yes,7,Credit Card,Quarterly,6/28/2025
53,42,Male,T-shirt,Clothing,20,Alaska,M,Green,Summer,2.6,Yes,Credit Card,Free Shipping,Yes,Yes,26,Credit Card,Weekly,6/29/2025
54,29,Male,Skirt,Clothing,24,Mississippi,S,Peach,Winter,3.9,Yes,Debit Card,Next Day Air,Yes,Yes,35,Credit Card,Weekly,6/30/2025
55,47,Male,Coat,Outerwear,94,New Mexico,M,Brown,Summer,4.2,Yes,Bank Transfer,Next Day Air,Yes,Yes,35,Debit Card,Bi-Weekly,7/1/2025
56,40,Male,Jacket,Outerwear,28,South Carolina,M,Lavender,Winter,3,Yes,Venmo,2-Day Shipping,Yes,Yes,49,Credit Card,Annually,7/2/2025
57,41,Male,Backpack,Accessories,73,Mississippi,XL,Brown,Summer,4.7,Yes,PayPal,Store Pickup,Yes,Yes,46,Credit Card,Weekly,7/3/2025
58,21,Male,Coat,Outerwear,64,West Virginia,M,White,Summer,4.4,Yes,PayPal,Store Pickup,Yes,Yes,17,Debit Card,Fortnightly,7/4/2025
59,69,Male,Hoodie,Clothing,54,Missouri,M,Charcoal,Summer,4.2,Yes,Credit Card,Free Shipping,Yes,Yes,29,Venmo,Monthly,7/5/2025
60,63,Male,Belt,Accessories,79,Louisiana,L,Yellow,Spring,4.6,Yes,Debit Card,Standard,Yes,Yes,4,Debit Card,Weekly,7/6/2025
61,50,Male,Sweater,Clothing,37,Idaho,L,Brown,Summer,4,Yes,Credit Card,Express,Yes,Yes,17,Cash,Weekly,7/7/2025
62,55,Male,Scarf,Accessories,68,Texas,M,Orange,Winter,4.7,Yes,Bank Transfer,Store Pickup,Yes,Yes,21,Credit Card,Every 3 Months,7/8/2025
63,30,Male,Sneakers,Footwear,21,Mississippi,S,Magenta,Spring,3.8,Yes,Credit Card,Free Shipping,Yes,Yes,31,Credit Card,Fortnightly,7/9/2025
64,33,Male,Sunglasses,Accessories,79,Arizona,L,Lavender,Winter,2.7,Yes,Credit Card,2-Day Shipping,Yes,Yes,43,Credit Card,Weekly,7/10/2025
65,65,Male,Boots,Footwear,83,Alabama,S,Green,Fall,4.8,Yes,PayPal,Standard,Yes,Yes,18,Debit Card,Fortnightly,7/11/2025
66,65,Male,Backpack,Accessories,36,New Jersey,M,Purple,Spring,4.8,Yes,Credit Card,2-Day Shipping,Yes,Yes,44,Venmo,Every 3 Months,7/12/2025
67,31,Male,Blouse,Clothing,94,Pennsylvania,S,Magenta,Winter,4.7,Yes,Bank Transfer,2-Day Shipping,Yes,Yes,3,Venmo,Every 3 Months,7/13/2025
68,45,Male,Coat,Outerwear,33,Connecticut,L,Gray,Winter,4.4,Yes,PayPal,Store Pickup,Yes,Yes,49,Debit Card,Monthly,7/14/2025
69,57,Male,Handbag,Accessories,46,Utah,L,Silver,Summer,3.9,Yes,Credit Card,Next Day Air,Yes,Yes,21,Cash,Every 3 Months,7/15/2025
70,48,Male,Belt,Accessories,70,Tennessee,S,Cyan,Summer,4.4,Yes,Credit Card,Express,Yes,Yes,5,Cash,Weekly,7/16/2025
71,22,Male,Belt,Accessories,29,Alabama,M,Magenta,Fall,4.2,Yes,Credit Card,Express,Yes,Yes,32,Debit Card,Every 3 Months,7/17/2025
72,36,Male,Dress,Clothing,48,Virginia,L,Gold,Summer,2.9,Yes,Debit Card,Express,Yes,Yes,34,Bank Transfer,Annually,7/18/2025
73,18,Male,Dress,Clothing,26,Georgia,M,Olive,Winter,2.9,Yes,Debit Card,Store Pickup,Yes,Yes,21,Bank Transfer,Every 3 Months,7/19/2025
74,48,Male,Pants,Clothing,85,Hawaii,M,Teal,Spring,2.7,Yes,Debit Card,Free Shipping,Yes,Yes,43,Bank Transfer,Bi-Weekly,7/20/2025
75,49,Male,Gloves,Accessories,58,Indiana,L,Violet,Spring,4.5,Yes,PayPal,Express,Yes,Yes,3,Cash,Monthly,7/21/2025
76,64,Male,Scarf,Accessories,85,Utah,M,Blue,Summer,2.7,Yes,Debit Card,Free Shipping,Yes,Yes,21,Credit Card,Annually,7/22/2025
77,50,Male,Hat,Accessories,43,Delaware,S,Teal,Summer,4.2,Yes,Bank Transfer,Free Shipping,Yes,Yes,32,Venmo,Monthly,7/23/2025
78,22,Male,Dress,Clothing,53,Delaware,L,Gold,Summer,3.3,Yes,Debit Card,Next Day Air,Yes,Yes,36,Debit Card,Fortnightly,7/24/2025
79,50,Male,Skirt,Clothing,91,Nebraska,M,Maroon,Spring,4.7,Yes,Venmo,Free Shipping,Yes,Yes,50,Venmo,Fortnightly,7/25/2025
80,38,Male,Jacket,Outerwear,96,Iowa,M,Olive,Winter,2.6,Yes,Bank Transfer,2-Day Shipping,Yes,Yes,43,Bank Transfer,Every 3 Months,7/26/2025
81,19,Male,Sandals,Footwear,72,New York,XL,Blue,Summer,3.3,Yes,Credit Card,Store Pickup,Yes,Yes,24,Credit Card,Every 3 Months,7/27/2025
82,67,Male,Shoes,Footwear,96,Virginia,L,Maroon,Summer,2.6,Yes,PayPal,Express,Yes,Yes,36,Credit Card,Every 3 Months,7/28/2025
83,19,Male,Pants,Clothing,28,Georgia,S,Olive,Spring,4,Yes,Bank Transfer,2-Day Shipping,Yes,Yes,21,Credit Card,Every 3 Months,7/29/2025
84,36,Male,Dress,Clothing,40,Texas,M,Turquoise,Summer,4.1,Yes,Debit Card,Standard,Yes,Yes,34,Bank Transfer,Weekly,7/30/2025
85,52,Male,Coat,Outerwear,32,Arizona,S,Peach,Spring,4.4,Yes,Cash,Standard,Yes,Yes,42,Bank Transfer,Every 3 Months,7/31/2025
86,53,Male,Sunglasses,Accessories,95,New Mexico,M,Charcoal,Winter,4.5,Yes,Credit Card,Next Day Air,Yes,Yes,2,Debit Card,Bi-Weekly,8/1/2025
87,24,Male,Hoodie,Clothing,41,Nevada,L,Pink,Spring,3.7,Yes,Venmo,2-Day Shipping,Yes,Yes,47,Cash,Bi-Weekly,8/2/2025
88,52,Male,Shoes,Footwear,53,Ohio,M,Green,Fall,3.7,Yes,Debit Card,2-Day Shipping,Yes,Yes,44,Debit Card,Fortnightly,8/3/2025
89,33,Male,T-shirt,Clothing,47,Wyoming,M,Orange,Fall,3.5,Yes,Credit Card,Free Shipping,Yes,Yes,35,Credit Card,Monthly,8/4/2025
90,47,Male,Jacket,Outerwear,83,California,XL,Pink,Fall,3.6,Yes,Bank Transfer,Next Day Air,Yes,Yes,15,Cash,Quarterly,8/5/2025
91,25,Male,Hat,Accessories,48,South Carolina,L,Violet,Summer,2.9,Yes,Venmo,Express,Yes,Yes,29,Credit Card,Monthly,8/6/2025
92,44,Male,Scarf,Accessories,99,South Carolina,S,Green,Winter,4.6,Yes,PayPal,Standard,Yes,Yes,18,Credit Card,Every 3 Months,8/7/2025
93,61,Male,Jacket,Outerwear,87,Texas,M,Olive,Winter,4.4,Yes,Cash,2-Day Shipping,Yes,Yes,13,Venmo,Every 3 Months,8/8/2025
94,37,Male,Sweater,Clothing,62,Florida,M,Purple,Fall,4.5,Yes,PayPal,Standard,Yes,Yes,46,Credit Card,Weekly,8/9/2025
95,58,Male,Skirt,Clothing,76,Nevada,S,Silver,Spring,4.6,Yes,Bank Transfer,Free Shipping,Yes,Yes,28,Credit Card,Weekly,8/10/2025
96,37,Male,Sneakers,Footwear,100,Missouri,L,Pink,Fall,3.8,Yes,PayPal,Free Shipping,Yes,Yes,48,PayPal,Monthly,8/11/2025
97,32,Male,Gloves,Accessories,73,Delaware,S,Gold,Spring,3.6,Yes,Venmo,Express,Yes,Yes,43,Venmo,Every 3 Months,8/12/2025
98,21,Male,Shoes,Footwear,92,Virginia,M,Teal,Winter,4.8,Yes,PayPal,Store Pickup,Yes,Yes,37,Cash,Annually,8/13/2025
99,20,Male,Jeans,Clothing,67,New York,XL,Teal,Spring,2.6,Yes,Cash,Next Day Air,Yes,Yes,20,Bank Transfer,Annually,8/14/2025
100,26,Male,Hoodie,Clothing,40,Missouri,XL,Indigo,Summer,3.7,Yes,Cash,Express,Yes,Yes,33,Debit Card,Quarterly,8/15/2025
101,62,Male,Sunglasses,Accessories,98,South Dakota,M,Maroon,Fall,2.7,Yes,PayPal,Express,Yes,Yes,31,Cash,Fortnightly,8/16/2025
102,27,Male,Coat,Outerwear,85,North Dakota,XL,White,Spring,4.6,Yes,Venmo,Express,Yes,Yes,50,Credit Card,Bi-Weekly,8/17/2025
103,51,Male,Socks,Clothing,67,Oklahoma,L,Violet,Winter,4.8,Yes,Credit Card,Next Day Air,Yes,Yes,35,Credit Card,Quarterly,8/18/2025
104,54,Male,Boots,Footwear,89,West Virginia,L,Red,Winter,4,Yes,Debit Card,Next Day Air,Yes,Yes,22,Venmo,Bi-Weekly,8/19/2025
105,55,Male,Sunglasses,Accessories,24,New Hampshire,L,Pink,Spring,4.4,Yes,Bank Transfer,2-Day Shipping,Yes,Yes,1,PayPal,Monthly,8/20/2025
106,69,Male,Backpack,Accessories,96,New York,M,Charcoal,Fall,3.6,Yes,Bank Transfer,Next Day Air,Yes,Yes,4,Bank Transfer,Annually,8/21/2025
107,64,Male,Jacket,Outerwear,35,Minnesota,L,White,Summer,3.7,Yes,Cash,Standard,Yes,Yes,31,Credit Card,Monthly,8/22/2025
108,28,Male,Sneakers,Footwear,67,Maryland,L,Olive,Winter,3.1,Yes,Cash,Next Day Air,Yes,Yes,46,PayPal,Fortnightly,8/23/2025
109,70,Male,Socks,Clothing,79,Montana,L,Purple,Spring,3.4,Yes,Bank Transfer,Next Day Air,Yes,Yes,32,Bank Transfer,Bi-Weekly,8/24/2025
110,58,Male,T-shirt,Clothing,85,Alabama,M,Violet,Spring,2.6,Yes,Cash,Next Day Air,Yes,Yes,43,Bank Transfer,Fortnightly,8/25/2025
111,56,Male,Backpack,Accessories,26,New York,M,Black,Summer,4,Yes,Bank Transfer,Standard,Yes,Yes,26,Venmo,Fortnightly,8/26/2025
112,26,Male,Belt,Accessories,75,Massachusetts,L,Purple,Summer,5,Yes,PayPal,Free Shipping,Yes,Yes,9,Credit Card,Annually,8/27/2025
113,37,Male,Gloves,Accessories,65,Florida,M,Red,Spring,4.3,Yes,Credit Card,Free Shipping,Yes,Yes,28,PayPal,Bi-Weekly,8/28/2025
114,44,Male,Hat,Accessories,54,New Jersey,L,Maroon,Winter,3.1,Yes,Debit Card,Next Day Air,Yes,Yes,20,PayPal,Quarterly,8/29/2025
115,70,Male,Coat,Outerwear,95,Massachusetts,S,Blue,Summer,3.7,Yes,Venmo,Store Pickup,Yes,Yes,9,Cash,Weekly,8/30/2025
116,53,Male,Skirt,Clothing,94,Wyoming,M,Gray,Spring,3.8,Yes,Cash,Standard,Yes,Yes,48,Debit Card,Every 3 Months,8/31/2025
117,55,Male,Shoes,Footwear,86,Virginia,S,Blue,Spring,3.4,Yes,PayPal,Free Shipping,Yes,Yes,12,Venmo,Annually,9/1/2025
118,50,Male,Sandals,Footwear,32,South Dakota,L,Yellow,Summer,4.6,Yes,Bank Transfer,Express,Yes,Yes,29,Cash,Fortnightly,9/2/2025
119,50,Male,Sweater,Clothing,45,Kentucky,L,Orange,Fall,4.8,Yes,Bank Transfer,2-Day Shipping,Yes,Yes,27,Cash,Bi-Weekly,9/3/2025
120,38,Male,Coat,Outerwear,76,Wyoming,M,Orange,Fall,4.3,Yes,Debit Card,Express,Yes,Yes,44,Cash,Annually,9/4/2025
121,64,Male,Hat,Accessories,84,West Virginia,L,Red,Summer,4,Yes,PayPal,Express,Yes,Yes,32,Bank Transfer,Annually,9/5/2025
122,19,Male,Shorts,Clothing,72,Virginia,M,Olive,Winter,4.2,Yes,Cash,Standard,Yes,Yes,11,Cash,Fortnightly,9/6/2025
123,40,Male,Backpack,Accessories,40,Washington,L,Brown,Spring,4.8,Yes,Credit Card,2-Day Shipping,Yes,Yes,44,Cash,Fortnightly,9/7/2025
124,57,Male,Sweater,Clothing,89,Louisiana,L,Brown,Fall,3.1,Yes,Debit Card,Free Shipping,Yes,Yes,46,Cash,Weekly,9/8/2025
125,44,Male,Sweater,Clothing,86,Nevada,M,Gray,Spring,3.1,Yes,PayPal,Next Day Air,Yes,Yes,50,PayPal,Annually,9/9/2025
126,49,Male,Shorts,Clothing,54,California,M,Indigo,Winter,3.6,Yes,Cash,Next Day Air,Yes,Yes,45,Venmo,Every 3 Months,9/10/2025
127,43,Male,Shorts,Clothing,36,Mississippi,L,Pink,Spring,3.9,Yes,Bank Transfer,Store Pickup,Yes,Yes,48,Cash,Every 3 Months,9/11/2025
128,24,Male,Sweater,Clothing,89,Mississippi,M,Gray,Winter,4.8,Yes,Venmo,Next Day Air,Yes,Yes,26,Credit Card,Weekly,9/12/2025
129,20,Male,Scarf,Accessories,32,California,M,Gold,Spring,4.7,Yes,Venmo,Standard,Yes,Yes,21,Credit Card,Fortnightly,9/13/2025
130,24,Male,Dress,Clothing,67,Pennsylvania,XL,Olive,Summer,4.2,Yes,Cash,2-Day Shipping,Yes,Yes,49,PayPal,Bi-Weekly,9/14/2025
131,44,Male,Scarf,Accessories,39,Kentucky,L,Violet,Fall,3.7,Yes,Credit Card,Next Day Air,Yes,Yes,13,PayPal,Fortnightly,9/15/2025
132,28,Male,Skirt,Clothing,29,Maine,L,Indigo,Summer,3.9,Yes,PayPal,Standard,Yes,Yes,46,Credit Card,Weekly,9/16/2025
133,30,Male,Backpack,Accessories,58,New Mexico,M,Orange,Fall,4.7,Yes,Bank Transfer,2-Day Shipping,Yes,Yes,42,PayPal,Weekly,9/17/2025
134,52,Male,Sweater,Clothing,65,Montana,M,Violet,Winter,2.5,Yes,Bank Transfer,Next Day Air,Yes,Yes,25,Venmo,Annually,9/18/2025
135,43,Male,Hat,Accessories,94,Texas,L,Gray,Fall,4.9,Yes,Credit Card,Store Pickup,Yes,Yes,25,Cash,Monthly,9/19/2025
136,43,Male,Sandals,Footwear,81,Kansas,M,Purple,Fall,4.1,Yes,PayPal,Express,Yes,Yes,12,PayPal,Quarterly,9/20/2025
137,39,Male,Blouse,Clothing,86,South Carolina,M,White,Winter,3.3,Yes,Credit Card,Free Shipping,Yes,Yes,4,Debit Card,Quarterly,9/21/2025
138,68,Male,Sneakers,Footwear,43,Colorado,M,Turquoise,Spring,4.7,Yes,Cash,Free Shipping,Yes,Yes,38,PayPal,Weekly,9/22/2025
139,68,Male,Skirt,Clothing,29,Georgia,M,Maroon,Winter,4.4,Yes,Cash,Store Pickup,Yes,Yes,42,Bank Transfer,Weekly,9/23/2025
140,49,Male,Coat,Outerwear,95,Florida,M,White,Fall,3.8,Yes,Debit Card,Store Pickup,Yes,Yes,30,Venmo,Annually,9/24/2025
141,63,Male,Shirt,Clothing,28,North Carolina,L,Yellow,Fall,3.9,Yes,Bank Transfer,2-Day Shipping,Yes,Yes,50,Credit Card,Weekly,9/25/2025
142,56,Male,Gloves,Accessories,46,Virginia,M,Turquoise,Fall,4.9,Yes,PayPal,Free Shipping,Yes,Yes,45,PayPal,Weekly,9/26/2025
143,37,Male,Jacket,Outerwear,58,Nebraska,L,Violet,Fall,3.1,Yes,PayPal,Free Shipping,Yes,Yes,33,Credit Card,Fortnightly,9/27/2025
144,30,Male,Coat,Outerwear,48,Missouri,M,Beige,Fall,2.7,Yes,Bank Transfer,Store Pickup,Yes,Yes,25,PayPal,Quarterly,9/28/2025
145,19,Male,Shoes,Footwear,43,New Jersey,M,Silver,Fall,3.2,Yes,Credit Card,Express,Yes,Yes,25,Cash,Monthly,9/29/2025
146,24,Male,Jewelry,Accessories,95,Missouri,M,Teal,Fall,4.5,Yes,Venmo,Standard,Yes,Yes,44,Debit Card,Quarterly,9/30/2025
147,52,Male,Skirt,Clothing,30,Colorado,S,Black,Fall,4,Yes,Debit Card,Standard,Yes,Yes,21,Venmo,Fortnightly,10/1/2025
148,63,Male,Shoes,Footwear,64,Idaho,M,Purple,Summer,3.5,Yes,Bank Transfer,2-Day Shipping,Yes,Yes,31,Bank Transfer,Fortnightly,10/2/2025
149,37,Male,Gloves,Accessories,90,Wyoming,M,Gray,Fall,2.6,Yes,PayPal,Store Pickup,Yes,Yes,47,Debit Card,Annually,10/3/2025
150,38,Male,Pants,Clothing,76,Delaware,M,White,Summer,3.2,Yes,Venmo,Free Shipping,Yes,Yes,14,PayPal,Monthly,10/4/2025
151,35,Male,Boots,Footwear,96,California,L,Cyan,Fall,4.9,Yes,Bank Transfer,Standard,Yes,Yes,17,Debit Card,Every 3 Months,10/5/2025
152,28,Male,Sunglasses,Accessories,47,North Dakota,L,Turquoise,Fall,4.5,Yes,Debit Card,Next Day Air,Yes,Yes,3,Venmo,Annually,10/6/2025
153,30,Male,Shirt,Clothing,85,South Carolina,S,Brown,Summer,4.3,Yes,PayPal,Express,Yes,Yes,42,Venmo,Annually,10/7/2025
154,69,Male,Hoodie,Clothing,55,North Carolina,M,Maroon,Winter,3.2,Yes,Debit Card,Standard,Yes,Yes,22,Debit Card,Annually,10/8/2025
155,41,Male,Dress,Clothing,98,Oklahoma,M,Charcoal,Fall,3.6,Yes,Debit Card,Next Day Air,Yes,Yes,21,Venmo,Quarterly,10/9/2025
156,63,Male,Socks,Clothing,77,Maine,S,Olive,Spring,4.3,Yes,Cash,Free Shipping,Yes,Yes,21,Bank Transfer,Quarterly,10/10/2025
157,35,Male,Shorts,Clothing,26,Missouri,M,Lavender,Fall,4,Yes,Venmo,Standard,Yes,Yes,40,Debit Card,Annually,10/11/2025
158,36,Male,Hat,Accessories,68,Vermont,S,Yellow,Fall,3,Yes,Debit Card,Next Day Air,Yes,Yes,1,Bank Transfer,Fortnightly,10/12/2025
159,25,Male,Shirt,Clothing,73,Connecticut,XL,Teal,Fall,4.1,Yes,Bank Transfer,Standard,Yes,Yes,50,Bank Transfer,Monthly,10/13/2025
160,58,Male,Gloves,Accessories,27,New Hampshire,M,Charcoal,Fall,3.8,Yes,Debit Card,Store Pickup,Yes,Yes,39,Bank Transfer,Every 3 Months,10/14/2025
161,27,Male,Gloves,Accessories,23,Texas,M,Orange,Summer,4.6,Yes,Bank Transfer,Free Shipping,Yes,Yes,34,Venmo,Monthly,10/15/2025
162,65,Male,Backpack,Accessories,49,North Dakota,M,Olive,Fall,3,Yes,Venmo,Express,Yes,Yes,29,Venmo,Fortnightly,10/16/2025
163,54,Male,Sunglasses,Accessories,74,California,M,Turquoise,Summer,3,Yes,Credit Card,Store Pickup,Yes,Yes,31,PayPal,Bi-Weekly,10/17/2025
164,54,Male,Skirt,Clothing,67,Virginia,M,Purple,Summer,3.4,Yes,PayPal,Standard,Yes,Yes,8,Debit Card,Weekly,10/18/2025
165,59,Male,Handbag,Accessories,65,Delaware,S,Purple,Spring,2.6,Yes,Debit Card,Free Shipping,Yes,Yes,5,Credit Card,Fortnightly,10/19/2025
166,42,Male,Handbag,Accessories,60,Kentucky,S,Yellow,Winter,2.8,Yes,Credit Card,Store Pickup,Yes,Yes,7,Cash,Monthly,10/20/2025
167,46,Male,Sneakers,Footwear,31,Delaware,XL,Indigo,Fall,4,Yes,Cash,Store Pickup,Yes,Yes,30,Cash,Monthly,10/21/2025
168,33,Male,Gloves,Accessories,27,Arkansas,M,Green,Fall,4,Yes,Venmo,Express,Yes,Yes,14,Credit Card,Every 3 Months,10/22/2025
169,34,Male,Shoes,Footwear,80,Louisiana,M,Magenta,Summer,3,Yes,Bank Transfer,Express,Yes,Yes,5,Cash,Fortnightly,10/23/2025
170,27,Male,Jacket,Outerwear,30,Nevada,S,Gold,Summer,3.3,Yes,Credit Card,Standard,Yes,Yes,3,PayPal,Every 3 Months,10/24/2025
171,52,Male,Shirt,Clothing,25,Wyoming,M,Maroon,Fall,2.6,Yes,Venmo,Store Pickup,Yes,Yes,46,Venmo,Bi-Weekly,10/25/2025
172,29,Male,Shorts,Clothing,35,Virginia,M,Blue,Summer,3.6,Yes,Debit Card,Store Pickup,Yes,Yes,4,Credit Card,Weekly,10/26/2025
173,54,Male,Jewelry,Accessories,67,Nebraska,M,Violet,Summer,3.9,Yes,Bank Transfer,Next Day Air,Yes,Yes,42,Credit Card,Bi-Weekly,10/27/2025
174,25,Male,Hat,Accessories,46,Hawaii,M,Turquoise,Fall,3.4,Yes,PayPal,Standard,Yes,Yes,30,Cash,Annually,10/28/2025
175,41,Male,Shoes,Footwear,35,Vermont,L,Brown,Winter,3.5,Yes,Venmo,Express,Yes,Yes,37,Venmo,Annually,10/29/2025
176,53,Male,Coat,Outerwear,86,Oklahoma,L,Violet,Fall,2.8,Yes,Debit Card,Next Day Air,Yes,Yes,2,Bank Transfer,Annually,10/30/2025
177,53,Male,Backpack,Accessories,81,New Hampshire,L,Black,Spring,2.7,Yes,Bank Transfer,Next Day Air,Yes,Yes,30,Credit Card,Quarterly,10/31/2025
178,21,Male,Hoodie,Clothing,42,Kansas,L,Magenta,Fall,3.7,Yes,Debit Card,Next Day Air,Yes,Yes,47,Bank Transfer,Monthly,11/1/2025
179,61,Male,Skirt,Clothing,43,Idaho,L,Lavender,Fall,4.3,Yes,Debit Card,2-Day Shipping,Yes,Yes,21,PayPal,Quarterly,11/2/2025
180,64,Male,Boots,Footwear,31,Illinois,M,Violet,Fall,4.9,Yes,Debit Card,Store Pickup,Yes,Yes,9,Bank Transfer,Fortnightly,11/3/2025
181,51,Male,Sandals,Footwear,81,South Dakota,L,Green,Fall,3.3,Yes,Cash,Store Pickup,Yes,Yes,12,Debit Card,Fortnightly,11/4/2025
182,32,Male,Pants,Clothing,61,Massachusetts,M,Beige,Summer,4.7,Yes,Venmo,Next Day Air,Yes,Yes,4,Bank Transfer,Weekly,11/5/2025
183,38,Male,Gloves,Accessories,96,Alabama,XL,Purple,Summer,2.8,Yes,Venmo,Store Pickup,Yes,Yes,10,Debit Card,Annually,11/6/2025
184,58,Male,Skirt,Clothing,29,Ohio,XL,Beige,Spring,3.6,Yes,Bank Transfer,2-Day Shipping,Yes,Yes,26,Credit Card,Weekly,11/7/2025
185,32,Male,Sneakers,Footwear,33,Hawaii,L,Cyan,Spring,3,Yes,Cash,Express,Yes,Yes,40,Cash,Fortnightly,11/8/2025
186,46,Male,T-shirt,Clothing,32,Wisconsin,XL,Silver,Summer,4.5,Yes,Bank Transfer,Store Pickup,Yes,Yes,34,Bank Transfer,Fortnightly,11/9/2025
187,39,Male,Backpack,Accessories,56,Minnesota,S,Lavender,Summer,2.9,Yes,Debit Card,Standard,Yes,Yes,31,Debit Card,Annually,11/10/2025
188,19,Male,Shoes,Footwear,94,Georgia,S,Purple,Spring,3.3,Yes,Credit Card,Store Pickup,Yes,Yes,1,Bank Transfer,Bi-Weekly,11/11/2025
189,50,Male,Hoodie,Clothing,53,Arkansas,M,Pink,Spring,3.1,Yes,Credit Card,Express,Yes,Yes,5,Bank Transfer,Bi-Weekly,11/12/2025
190,36,Male,Blouse,Clothing,82,West Virginia,M,Maroon,Fall,4.4,Yes,Venmo,Next Day Air,Yes,Yes,4,Credit Card,Weekly,11/13/2025
191,65,Male,Coat,Outerwear,70,Indiana,XL,Beige,Fall,3,Yes,Venmo,Free Shipping,Yes,Yes,48,Venmo,Quarterly,11/14/2025
192,64,Male,Hat,Accessories,76,Utah,M,Gray,Fall,3.9,Yes,Credit Card,Free Shipping,Yes,Yes,29,Cash,Every 3 Months,11/15/2025
193,46,Male,Shoes,Footwear,29,Nebraska,L,Turquoise,Summer,2.9,Yes,Venmo,Express,Yes,Yes,12,PayPal,Bi-Weekly,11/16/2025
194,36,Male,Belt,Accessories,100,North Dakota,S,Silver,Fall,3,Yes,PayPal,Standard,Yes,Yes,29,Venmo,Annually,11/15/2025
195,51,Male,Backpack,Accessories,94,Missouri,M,Olive,Spring,3.1,Yes,Venmo,Express,Yes,Yes,15,Debit Card,Quarterly,11/18/2025
196,51,Male,Jacket,Outerwear,25,New York,M,Magenta,Fall,4.3,Yes,Credit Card,Free Shipping,Yes,Yes,34,Credit Card,Monthly,11/19/2025
197,38,Male,Boots,Footwear,88,Washington,M,Lavender,Summer,3.9,Yes,Cash,Next Day Air,Yes,Yes,41,Credit Card,Fortnightly,11/20/2025
198,59,Male,Scarf,Accessories,78,South Carolina,M,Black,Fall,3.2,Yes,Debit Card,2-Day Shipping,Yes,Yes,41,Credit Card,Monthly,11/21/2025
199,57,Male,Jewelry,Accessories,45,Utah,M,Turquoise,Winter,4.8,Yes,Cash,Standard,Yes,Yes,39,Credit Card,Fortnightly,11/22/2025
200,54,Male,Hat,Accessories,73,Idaho,XL,Green,Summer,3.8,Yes,Debit Card,Express,Yes,Yes,32,Cash,Weekly,11/23/2025
